id,ISD07,ISD04,ISD05,ISD08,ISD14,ISD28,Reli01,Reli02,Reli03,Reli04,Reli05,Reli06,Reli07,Reli08,Reli09,Reli10,Religiosidad,EAR01,EAR02,EAR03,EAR04,EAR05,EAR06,EAR07,EAR08,EAR09,EAR10,Autoestima,SASS01,SASS02,SASS03,SASS04,SASS05,SASS06,SASS07,SASS08,SASS09,SASS10,SASS11,SASS12,SASS13,SASS14,SASS15,SASS16,SASS17,SASS18,SASS19,SASS20,SASS21,SASS_Total
43,Masculino,Chile,44,44,3. Media incompleta.,No,NA,NA,NA,NA,NA,NA,NA,NA,NA,NA,NA,NA,NA,NA,NA,NA,NA,NA,NA,NA,NA,NA,NA,NA,NA,NA,NA,NA,NA,NA,NA,NA,NA,NA,NA,NA,NA,NA,NA,NA,NA,NA,NA,NA
30,Masculino,chile,44,44,4. Media completa / TÈcnica incompleta.,No,2,1,2,2,2,2,2,2,2,1,18,3,3,Muy en desacuerdo,4,En desacuerdo,3,4,Muy de acuerdo,En desacuerdo,Muy en desacuerdo,32,0,3,3,2,2,2,2,3,2,2,2,2,2,2,1,2,2,3,1,2,2,40
12,Femenino,Chile,45,45,4. Media completa / TÈcnica incompleta.,No,1,1,1,1,1,3,2,2,1,2,15,3,3,En desacuerdo,3,En desacuerdo,3,3,De acuerdo,En desacuerdo,En desacuerdo,29,3,0,3,1,0,3,2,2,2,2,2,2,3,2,3,3,3,3,2,3,3,44
47,Femenino,Chile,46 a√±os,46,4. Media completa / TÈcnica incompleta.,No,4,4,4,4,3,4,4,1,4,4,36,4,2,En desacuerdo,2,De acuerdo,2,3,Muy de acuerdo,De acuerdo,Muy en desacuerdo,25,3,0,3,3,1,2,2,1,0,2,3,2,3,0,2,3,2,3,3,3,3,41
22,Masculino,chile,45,45,5. Universitaria incompleta / TÈcnica completa,No,4,4,4,4,4,4,4,4,4,4,40,4,4,Muy en desacuerdo,4,Muy en desacuerdo,4,4,Muy en desacuerdo,Muy en desacuerdo,Muy en desacuerdo,40,3,0,3,3,3,3,3,3,2,2,2,2,2,2,2,2,1,3,3,1,3,45
29,Femenino,Chile,46,46,2. B·sica completa.,No,3,1,3,3,3,4,3,2,2,1,25,4,4,Muy en desacuerdo,4,Muy en desacuerdo,4,4,En desacuerdo,Muy en desacuerdo,Muy en desacuerdo,39,0,3,2,2,3,3,3,2,2,2,3,2,3,3,2,1,2,3,2,2,2,45
54,Masculino,Chile,46 a√±os,46,4. Media completa / TÈcnica incompleta.,No,2,2,2,2,3,3,2,3,3,2,24,4,4,Muy en desacuerdo,4,Muy en desacuerdo,4,4,De acuerdo,Muy en desacuerdo,Muy en desacuerdo,38,3,0,3,2,3,3,3,3,3,3,3,3,2,3,2,2,3,3,3,0,2,50
55,Masculino,Chile,46 a√±os,46,3. Media incompleta.,No,3,2,3,3,3,4,3,3,3,2,29,4,4,Muy en desacuerdo,4,En desacuerdo,4,4,De acuerdo,Muy en desacuerdo,En desacuerdo,36,3,0,3,3,2,3,3,2,2,3,3,2,3,3,2,2,1,3,1,3,3,47
30,Masculino,Chile,45,45,4. Media completa / TÈcnica incompleta.,No,4,4,4,4,4,3,4,4,3,4,38,3,3,De acuerdo,3,Muy en desacuerdo,3,3,Muy de acuerdo,En desacuerdo,En desacuerdo,28,0,1,1,2,2,2,1,1,1,2,2,2,2,2,2,2,2,2,3,1,2,33
31,Femenino,Chile,45,45,4. Media completa / TÈcnica incompleta.,No,1,1,1,1,1,1,1,1,1,1,10,4,4,En desacuerdo,4,En desacuerdo,4,4,En desacuerdo,En desacuerdo,En desacuerdo,35,2,0,2,2,1,2,2,2,0,2,2,2,3,3,2,2,3,3,3,2,2,40
51,Femenino,Chile,39 a√±os,39,4. Media completa / TÈcnica incompleta.,No,4,3,4,3,3,4,4,2,1,3,31,4,4,Muy en desacuerdo,4,Muy en desacuerdo,4,4,Muy en desacuerdo,Muy en desacuerdo,Muy en desacuerdo,40,2,0,3,0,2,3,3,1,1,1,2,2,2,1,3,3,2,3,0,3,3,37
36,Masculino,Chile,43,43,5. Universitaria incompleta / TÈcnica completa,No,4,1,4,4,4,4,4,4,1,4,34,3,3,Muy en desacuerdo,4,Muy en desacuerdo,3,4,Muy en desacuerdo,Muy en desacuerdo,Muy en desacuerdo,37,3,0,2,2,2,2,2,3,2,2,3,2,2,0,2,3,3,3,2,2,3,42
14,Femenino,Chile,39,39,5. Universitaria incompleta / TÈcnica completa,No,1,1,3,4,1,4,1,3,2,4,24,3,3,Muy en desacuerdo,4,Muy en desacuerdo,4,4,Muy en desacuerdo,Muy en desacuerdo,Muy en desacuerdo,38,3,0,3,3,2,3,2,3,1,3,3,3,2,2,3,3,3,3,1,2,3,48
25,Masculino,chile,45,45,4. Media completa / TÈcnica incompleta.,No,4,4,4,4,3,4,4,4,4,4,39,1,4,En desacuerdo,3,En desacuerdo,1,1,Muy de acuerdo,En desacuerdo,En desacuerdo,23,0,3,3,2,2,3,2,2,1,3,3,2,3,2,3,2,1,2,3,0,3,42
5,Femenino,Chile,45,45,3. Media incompleta.,No,2,1,3,3,1,1,3,1,1,1,17,3,3,Muy en desacuerdo,4,En desacuerdo,4,4,Muy en desacuerdo,Muy en desacuerdo,Muy en desacuerdo,37,3,0,3,1,3,2,3,1,1,3,3,2,3,0,0,1,3,3,0,2,2,37
17,Femenino,Chile,44,44,2. B·sica completa.,No,2,2,2,2,2,2,2,3,2,2,21,4,4,Muy en desacuerdo,4,Muy en desacuerdo,4,4,Muy de acuerdo,Muy en desacuerdo,Muy en desacuerdo,37,3,0,3,3,3,3,3,2,0,1,3,2,3,0,0,0,2,3,3,3,2,40
23,Masculino,Chile,45,45,5. Universitaria incompleta / TÈcnica completa,No,1,1,1,1,1,1,1,1,1,1,10,4,4,Muy en desacuerdo,4,Muy en desacuerdo,4,4,Muy de acuerdo,Muy en desacuerdo,Muy en desacuerdo,37,3,0,3,3,3,1,1,3,3,3,3,3,3,3,3,3,3,3,1,3,3,51
28,Femenino,chile,45,45,4. Media completa / TÈcnica incompleta.,No,3,2,3,3,3,3,3,2,3,3,28,4,4,Muy en desacuerdo,4,En desacuerdo,4,4,En desacuerdo,En desacuerdo,Muy en desacuerdo,37,0,2,2,1,1,1,2,2,1,2,2,2,2,1,2,2,2,2,2,2,2,33
28,Femenino,Chile,35,45,3. Media incompleta.,No,3,2,4,4,4,4,4,4,1,4,34,4,4,Muy en desacuerdo,2,En desacuerdo,4,3,Muy de acuerdo,Muy de acuerdo,Muy de acuerdo,27,0,3,3,2,2,3,2,2,1,2,2,3,3,0,3,3,2,2,3,0,2,41
10,Femenino,chile,44,44,4. Media completa / TÈcnica incompleta.,No,2,1,1,2,1,2,2,1,1,2,15,3,3,Muy en desacuerdo,3,En desacuerdo,4,4,En desacuerdo,Muy en desacuerdo,Muy en desacuerdo,35,3,0,3,1,1,2,3,3,0,1,2,2,3,2,1,2,2,2,1,2,2,36
38,Masculino,Chile,46,46,2. B·sica completa.,No,3,1,3,3,2,3,3,3,3,2,26,3,3,En desacuerdo,2,En desacuerdo,3,3,De acuerdo,Muy en desacuerdo,De acuerdo,28,2,0,0,1,1,3,1,2,0,2,3,2,2,0,1,0,2,2,3,2,1,29
6,Femenino,Chlie,44,44,4. Media completa / TÈcnica incompleta.,No,1,1,1,1,1,1,3,1,2,3,15,4,4,Muy en desacuerdo,4,Muy en desacuerdo,4,3,Muy en desacuerdo,Muy en desacuerdo,Muy en desacuerdo,39,2,0,3,3,0,1,2,2,1,2,2,2,3,0,3,2,1,3,2,0,2,34
21,Femenino,chile,44,44,4. Media completa / TÈcnica incompleta.,No,4,3,3,3,3,4,4,3,4,3,34,4,4,Muy en desacuerdo,4,Muy en desacuerdo,4,4,Muy en desacuerdo,Muy en desacuerdo,Muy en desacuerdo,40,0,3,3,2,2,3,3,2,1,3,2,3,3,0,2,1,2,3,3,2,3,43
46,Femenino,Chile,44 a√±os,44,4. Media completa / TÈcnica incompleta.,No,4,3,4,4,1,4,4,4,4,4,36,4,2,Muy en desacuerdo,3,Muy en desacuerdo,4,4,En desacuerdo,Muy en desacuerdo,En desacuerdo,35,3,0,3,3,1,2,2,3,3,3,3,3,2,1,2,1,3,3,3,2,3,46
26,Masculino,chile,44,44,5. Universitaria incompleta / TÈcnica completa,No,3,2,4,4,1,4,4,3,3,4,32,4,2,Muy de acuerdo,1,Muy de acuerdo,2,1,Muy de acuerdo,Muy de acuerdo,Muy de acuerdo,15,2,0,2,2,1,2,3,1,1,1,1,2,3,0,2,2,2,3,3,3,1,36
48,Femenino,Chile,44 a√±os,44,3. Media incompleta.,SÌ,4,4,4,4,4,4,4,4,4,4,40,3,1,Muy de acuerdo,2,Muy de acuerdo,1,1,Muy de acuerdo,De acuerdo,Muy de acuerdo,14,0,3,3,0,0,0,0,0,0,0,0,0,3,1,0,0,2,2,2,2,3,18
4,Femenino,chile,43 a√±os,43,4. Media completa / TÈcnica incompleta.,No,3,4,4,4,1,4,4,4,3,4,35,4,4,Muy en desacuerdo,4,Muy en desacuerdo,4,4,Muy de acuerdo,Muy en desacuerdo,Muy en desacuerdo,37,3,0,3,3,3,2,3,3,2,3,3,3,3,2,2,3,3,3,1,2,3,50
12,Femenino,Chile,43 a√±os,43,5. Universitaria incompleta / TÈcnica completa,No,2,1,2,3,2,4,2,1,2,1,20,4,4,Muy en desacuerdo,4,Muy en desacuerdo,4,4,Muy en desacuerdo,Muy en desacuerdo,Muy en desacuerdo,40,0,1,1,1,1,3,3,2,2,3,3,2,2,0,1,3,3,3,1,2,3,37
49,Masculino,Chile,43,43,5. Universitaria incompleta / TÈcnica completa,No,3,3,3,4,3,4,4,3,3,3,33,3,3,Muy en desacuerdo,3,En desacuerdo,2,2,De acuerdo,En desacuerdo,En desacuerdo,28,3,0,3,3,2,2,2,2,1,2,2,2,3,2,2,2,3,3,2,2,2,43
31,Femenino,Chile,43 a√±os,43,4. Media completa / TÈcnica incompleta.,No,2,2,2,4,2,2,2,2,2,2,22,4,4,Muy en desacuerdo,3,De acuerdo,4,3,De acuerdo,En desacuerdo,En desacuerdo,32,0,3,3,3,0,1,0,3,0,2,3,2,1,0,1,0,2,3,3,2,2,32
63,Masculino,Chile,43 a√±os,43,3. Media incompleta.,No,3,2,3,3,3,2,3,2,2,2,25,3,3,En desacuerdo,4,En desacuerdo,4,4,De acuerdo,Muy en desacuerdo,De acuerdo,32,2,0,3,3,3,3,3,2,1,2,2,2,2,1,1,1,2,2,2,1,3,38
34,Masculino,Chile,43,43,2. B·sica completa.,No,3,4,3,4,2,3,3,3,2,3,30,4,3,En desacuerdo,4,En desacuerdo,4,4,De acuerdo,En desacuerdo,En desacuerdo,33,0,2,2,1,1,2,0,1,1,2,2,2,2,0,1,2,2,1,1,1,2,26
20,Femenino,chile,42,42,6. Universitaria completa.,No,1,1,1,1,1,1,1,1,1,1,10,3,3,En desacuerdo,4,De acuerdo,3,2,Muy de acuerdo,Muy de acuerdo,En desacuerdo,25,0,2,1,3,3,3,2,1,1,3,3,3,3,0,1,3,2,3,0,0,3,37
12,Femenino,Chile,42,42,5. Universitaria incompleta / TÈcnica completa,No,4,4,4,4,3,4,4,4,4,4,39,4,4,Muy en desacuerdo,4,Muy de acuerdo,4,4,De acuerdo,Muy en desacuerdo,Muy en desacuerdo,35,3,0,3,2,1,2,2,3,2,2,3,2,3,2,3,2,3,3,2,2,2,45
20,Masculino,Chile,42,42,4. Media completa / TÈcnica incompleta.,No,4,3,4,4,4,4,4,4,2,4,37,3,4,Muy en desacuerdo,3,Muy en desacuerdo,3,3,En desacuerdo,Muy en desacuerdo,Muy en desacuerdo,35,0,3,3,1,1,3,3,1,0,2,3,2,3,0,1,1,3,3,3,3,3,39
18,Femenino,Chile,41,41,5. Universitaria incompleta / TÈcnica completa,No,3,3,2,3,1,3,3,3,3,1,25,4,4,Muy en desacuerdo,4,Muy en desacuerdo,4,4,Muy de acuerdo,Muy en desacuerdo,Muy en desacuerdo,37,3,0,3,3,2,2,2,3,2,2,3,2,3,0,2,2,3,3,3,3,3,46
5,Femenino,Chile,41,41,4. Media completa / TÈcnica incompleta.,No,1,1,1,1,1,1,3,1,1,1,12,4,4,Muy en desacuerdo,3,Muy en desacuerdo,3,4,Muy de acuerdo,De acuerdo,Muy en desacuerdo,33,0,3,3,2,2,3,3,3,1,2,2,1,3,1,3,2,3,3,3,1,3,44
24,Femenino,Chile,36,41,5. Universitaria incompleta / TÈcnica completa,No,1,1,1,1,1,1,1,1,1,1,10,1,4,Muy en desacuerdo,4,Muy en desacuerdo,4,4,Muy en desacuerdo,Muy en desacuerdo,Muy en desacuerdo,37,3,0,3,3,2,3,3,3,1,3,3,2,3,1,2,1,3,3,3,3,3,48
13,Femenino,chile,41,41,5. Universitaria incompleta / TÈcnica completa,No,2,2,2,2,1,3,2,2,2,2,20,3,4,Muy en desacuerdo,4,En desacuerdo,3,3,De acuerdo,En desacuerdo,En desacuerdo,32,3,0,3,1,0,2,2,3,3,2,3,3,2,3,3,3,3,3,1,2,2,45
30,Masculino,chile,40,42,4. Media completa / TÈcnica incompleta.,No,4,3,3,3,3,3,4,3,1,3,30,4,4,Muy en desacuerdo,4,Muy en desacuerdo,4,4,De acuerdo,Muy en desacuerdo,Muy en desacuerdo,38,3,0,3,2,2,2,3,2,2,2,3,2,3,1,2,2,2,3,0,1,2,40
27,Femenino,Chile,40,40,3. Media incompleta.,No,3,3,3,3,3,4,4,3,3,3,32,4,3,Muy de acuerdo,4,Muy de acuerdo,4,4,Muy de acuerdo,En desacuerdo,Muy de acuerdo,26,3,0,3,3,3,3,2,1,1,2,2,2,3,2,2,2,0,1,3,0,3,38
27,Masculino,chile,40,40,4. Media completa / TÈcnica incompleta.,No,3,2,3,4,2,3,4,3,3,3,30,3,3,De acuerdo,3,De acuerdo,3,2,Muy de acuerdo,De acuerdo,En desacuerdo,24,2,0,2,3,2,2,2,2,1,2,3,2,2,0,3,2,2,2,2,1,2,37
19,Femenino,chile,40 a√±os,40,3. Media incompleta.,No,3,3,3,3,3,3,3,3,2,3,29,3,3,En desacuerdo,4,De acuerdo,3,2,Muy de acuerdo,De acuerdo,En desacuerdo,26,3,0,3,1,1,3,1,1,1,2,2,2,3,2,2,2,3,3,3,1,3,39
9,Femenino,chile,15,40,4. Media completa / TÈcnica incompleta.,No,4,4,3,4,4,4,4,4,3,4,38,4,1,Muy en desacuerdo,3,Muy en desacuerdo,4,3,De acuerdo,En desacuerdo,En desacuerdo,31,3,0,3,3,1,2,2,1,1,2,2,2,3,2,2,3,1,2,3,2,1,40
40,Masculino,Chile,35 a√±os,39,5. Universitaria incompleta / TÈcnica completa,No,4,4,4,4,4,4,4,4,1,4,37,3,4,En desacuerdo,3,De acuerdo,3,3,De acuerdo,De acuerdo,De acuerdo,27,0,3,2,2,1,1,2,1,1,2,2,2,3,2,3,3,2,2,3,2,2,39
15,Femenino,chile,40,40,5. Universitaria incompleta / TÈcnica completa,No,1,1,1,2,1,2,1,2,2,1,14,4,4,Muy en desacuerdo,4,Muy en desacuerdo,4,4,Muy en desacuerdo,Muy en desacuerdo,Muy en desacuerdo,40,3,0,3,3,2,3,2,3,2,2,2,2,2,2,2,3,3,3,1,3,3,46
18,Femenino,chile,39,39,4. Media completa / TÈcnica incompleta.,SÌ,1,3,3,3,3,3,3,3,2,2,26,4,4,Muy de acuerdo,4,Muy de acuerdo,4,4,Muy de acuerdo,En desacuerdo,De acuerdo,28,1,0,2,1,1,2,0,2,1,2,3,2,3,0,2,3,1,2,1,1,3,30
3,Femenino,Chile,38,38,5. Universitaria incompleta / TÈcnica completa,No,2,4,3,4,2,4,4,3,3,3,32,4,4,Muy en desacuerdo,3,Muy en desacuerdo,4,4,En desacuerdo,Muy en desacuerdo,Muy en desacuerdo,38,3,0,3,3,2,3,3,2,1,3,3,3,3,2,2,3,3,3,3,2,2,50
20,Masculino,Chile,38,38,3. Media incompleta.,No,4,3,4,4,3,4,4,4,4,4,38,1,1,Muy en desacuerdo,1,Muy en desacuerdo,1,1,Muy en desacuerdo,Muy en desacuerdo,Muy en desacuerdo,25,0,3,1,3,2,2,1,2,3,3,3,2,1,1,1,0,0,3,3,0,3,34
41,Masculino,Chile,38,38,5. Universitaria incompleta / TÈcnica completa,No,3,3,3,4,2,4,3,4,3,3,32,3,4,Muy en desacuerdo,3,En desacuerdo,4,4,En desacuerdo,Muy en desacuerdo,En desacuerdo,35,3,0,3,1,2,3,2,2,2,2,2,2,2,1,2,2,2,2,2,2,2,39
59,Masculino,Chile,38 a√±os,38,4. Media completa / TÈcnica incompleta.,No,3,2,3,1,3,3,3,3,4,1,26,4,4,Muy en desacuerdo,4,Muy en desacuerdo,4,4,De acuerdo,Muy en desacuerdo,Muy en desacuerdo,38,3,0,3,3,3,3,1,3,3,3,3,3,3,3,3,3,3,3,3,1,3,53
64,Masculino,Chile,38 a√±os,38,4. Media completa / TÈcnica incompleta.,No,1,2,1,1,1,1,1,1,1,1,11,4,3,Muy en desacuerdo,4,De acuerdo,3,3,De acuerdo,En desacuerdo,En desacuerdo,31,0,3,2,2,2,2,2,2,2,3,3,2,2,2,1,1,1,2,1,0,2,35
26,Masculino,Chile,38 a√±os,38,5. Universitaria incompleta / TÈcnica completa,No,1,1,1,1,1,1,1,1,1,1,10,3,3,En desacuerdo,4,En desacuerdo,3,3,De acuerdo,En desacuerdo,En desacuerdo,30,3,0,3,3,2,2,0,1,0,1,2,2,2,0,0,3,1,2,1,1,1,29
19,Femenino,Chlie,39,39,5. Universitaria incompleta / TÈcnica completa,SÌ,2,1,2,3,1,3,3,3,1,3,22,3,3,Muy en desacuerdo,3,Muy en desacuerdo,3,3,En desacuerdo,Muy en desacuerdo,Muy en desacuerdo,34,3,0,3,2,0,2,2,2,0,1,2,2,3,1,3,2,3,2,3,2,2,38
52,Femenino,Chile,38 a√±os,38,4. Media completa / TÈcnica incompleta.,No,2,3,2,3,2,2,4,2,3,1,24,4,3,Muy en desacuerdo,4,Muy en desacuerdo,4,4,Muy en desacuerdo,En desacuerdo,Muy en desacuerdo,38,3,0,2,2,2,3,2,3,1,2,2,2,2,2,1,1,3,3,2,2,2,40
37,Masculino,Chile,37,37,5. Universitaria incompleta / TÈcnica completa,No,1,1,1,1,1,1,1,1,1,1,10,4,4,En desacuerdo,4,De acuerdo,3,3,Muy de acuerdo,Muy en desacuerdo,En desacuerdo,31,0,3,2,3,1,3,0,1,2,3,3,2,2,0,2,1,3,3,2,1,1,37
16,Femenino,chile,37,37,5. Universitaria incompleta / TÈcnica completa,SÌ,4,4,4,4,4,4,4,4,1,4,37,4,4,Muy en desacuerdo,4,Muy en desacuerdo,4,4,Muy de acuerdo,Muy en desacuerdo,Muy en desacuerdo,37,3,0,3,3,2,3,3,3,2,2,3,3,2,2,3,3,2,3,3,2,2,50
62,Masculino,Chile,44 a√±os,44,4. Media completa / TÈcnica incompleta.,No,3,3,3,3,2,3,3,3,2,3,28,3,3,De acuerdo,3,En desacuerdo,3,2,De acuerdo,De acuerdo,De acuerdo,25,0,3,3,2,1,2,1,1,1,1,3,1,3,2,3,3,2,2,2,2,3,38
4,Masculino,Chile,36,36,6. Universitaria completa.,No,1,1,1,1,1,1,1,1,1,1,10,4,4,Muy en desacuerdo,4,Muy en desacuerdo,4,4,En desacuerdo,Muy en desacuerdo,Muy en desacuerdo,39,3,0,3,3,3,2,3,3,2,3,3,2,3,0,0,2,3,3,0,2,3,43
1,Masculino,Chile,37 a√±os,37,5. Universitaria incompleta / TÈcnica completa,No,3,4,3,3,3,3,3,3,3,3,31,3,3,Muy en desacuerdo,4,Muy en desacuerdo,3,3,Muy de acuerdo,Muy en desacuerdo,Muy en desacuerdo,33,3,0,3,3,3,3,3,2,2,2,3,3,3,3,1,2,3,3,1,2,1,48
32,Masculino,chile,36,36,4. Media completa / TÈcnica incompleta.,No,1,1,3,3,1,1,4,3,3,1,21,4,4,Muy en desacuerdo,1,Muy en desacuerdo,4,4,Muy de acuerdo,Muy en desacuerdo,Muy en desacuerdo,34,3,0,3,1,2,2,3,1,1,2,3,2,3,0,0,0,2,3,3,2,2,36
50,Masculino,Chile,37 a√±os,37,4. Media completa / TÈcnica incompleta.,No,2,1,1,3,1,2,2,1,1,3,17,4,4,Muy en desacuerdo,4,Muy en desacuerdo,4,3,Muy de acuerdo,Muy en desacuerdo,Muy en desacuerdo,36,2,0,2,2,2,2,2,2,1,2,2,2,2,1,3,3,3,3,1,1,2,38
8,Femenino,chile,37,37,3. Media incompleta.,No,3,2,2,3,2,2,3,3,2,2,24,4,4,En desacuerdo,4,En desacuerdo,3,4,De acuerdo,De acuerdo,En desacuerdo,32,0,3,3,1,3,3,2,2,1,3,3,3,1,0,1,1,1,3,3,2,1,39
23,Masculino,chile,37,37,5. Universitaria incompleta / TÈcnica completa,No,1,1,2,1,1,1,3,3,3,2,18,1,2,De acuerdo,2,De acuerdo,2,2,Muy de acuerdo,Muy de acuerdo,Muy de acuerdo,16,0,0,0,1,2,2,2,1,1,1,0,0,1,0,3,2,1,1,2,1,2,21
11,Femenino,chile,37,37,4. Media completa / TÈcnica incompleta.,No,1,4,3,3,4,4,4,2,1,1,27,4,4,Muy en desacuerdo,3,Muy en desacuerdo,3,4,Muy en desacuerdo,Muy en desacuerdo,Muy en desacuerdo,38,3,0,3,3,3,1,3,3,0,3,3,3,3,3,2,1,1,3,2,3,3,46
33,Femenino,Chile,37 a√±os,37,4. Media completa / TÈcnica incompleta.,No,3,3,3,3,2,3,3,2,2,3,27,4,4,Muy en desacuerdo,4,Muy en desacuerdo,3,4,De acuerdo,Muy en desacuerdo,Muy en desacuerdo,37,3,0,3,2,2,3,3,2,2,3,3,3,2,1,2,1,2,3,3,2,2,45
20,Femenino,chile,37 a√±os,37,4. Media completa / TÈcnica incompleta.,No,1,1,1,1,1,1,1,1,1,1,10,4,4,Muy en desacuerdo,4,Muy en desacuerdo,4,4,Muy en desacuerdo,Muy en desacuerdo,Muy en desacuerdo,40,0,3,3,3,3,1,1,1,1,1,1,1,2,0,2,2,3,3,3,3,3,37
27,Femenino,Chile,37,37,3. Media incompleta.,No,3,3,3,4,3,4,4,3,2,3,32,3,2,De acuerdo,3,En desacuerdo,3,2,En desacuerdo,En desacuerdo,En desacuerdo,27,0,3,3,2,1,2,2,3,1,2,3,2,3,2,2,2,2,1,2,2,2,40
65,Masculino,Chile,37 a√±os,37,4. Media completa / TÈcnica incompleta.,No,3,2,4,4,2,4,4,4,4,4,35,4,4,Muy en desacuerdo,4,Muy en desacuerdo,4,4,Muy de acuerdo,Muy en desacuerdo,Muy en desacuerdo,37,3,0,3,3,2,2,3,2,1,2,3,2,3,1,2,3,3,3,1,2,3,44
29,Masculino,Chile,37,37,4. Media completa / TÈcnica incompleta.,No,3,3,3,3,3,3,3,3,3,3,30,4,3,Muy en desacuerdo,4,En desacuerdo,3,4,De acuerdo,En desacuerdo,En desacuerdo,33,3,0,3,0,2,3,3,3,1,2,2,2,2,1,1,2,2,3,1,2,2,38
14,Femenino,chile,36,36,4. Media completa / TÈcnica incompleta.,No,1,1,1,1,1,1,1,1,1,1,10,4,3,Muy en desacuerdo,4,Muy en desacuerdo,4,4,En desacuerdo,Muy en desacuerdo,Muy en desacuerdo,38,3,0,3,3,2,3,3,2,2,2,3,2,2,2,2,3,2,3,2,2,2,46
5,Femenino,chile,30 a√±os,36,6. Universitaria completa.,No,3,3,3,4,3,4,4,4,2,4,34,3,3,Muy en desacuerdo,3,Muy en desacuerdo,3,3,De acuerdo,En desacuerdo,Muy en desacuerdo,32,0,3,2,3,0,2,3,2,3,3,3,2,3,3,2,2,3,3,3,1,2,46
7,Femenino,Chile,36,36,4. Media completa / TÈcnica incompleta.,No,4,4,4,4,2,4,4,3,1,4,34,4,4,Muy en desacuerdo,4,Muy en desacuerdo,3,4,De acuerdo,Muy en desacuerdo,Muy en desacuerdo,37,3,0,3,0,3,3,3,3,3,3,3,3,3,1,2,1,3,3,3,2,3,48
6,Femenino,chile,36 a√±os,36,4. Media completa / TÈcnica incompleta.,No,1,1,1,1,1,1,1,1,1,1,10,3,2,De acuerdo,2,Muy de acuerdo,2,2,Muy de acuerdo,De acuerdo,Muy de acuerdo,18,0,2,2,2,2,1,2,2,2,3,3,3,3,3,2,2,3,3,3,0,3,43
26,Femenino,Chile,36,36,3. Media incompleta.,No,4,4,4,4,4,4,4,4,4,4,40,4,3,Muy en desacuerdo,4,Muy en desacuerdo,4,4,Muy en desacuerdo,Muy en desacuerdo,Muy en desacuerdo,39,0,3,3,2,2,3,3,3,1,2,2,3,3,2,2,2,3,3,2,2,3,46
32,Femenino,Chile,36 a√±os,36,2. B·sica completa.,No,2,2,2,2,2,2,3,3,2,2,22,3,3,En desacuerdo,3,De acuerdo,3,3,En desacuerdo,En desacuerdo,En desacuerdo,29,2,0,0,2,2,2,2,2,2,2,2,2,2,2,2,2,2,2,2,2,2,36
14,Femenino,chile,36,36,5. Universitaria incompleta / TÈcnica completa,No,3,2,3,3,3,3,4,2,1,4,28,4,4,Muy en desacuerdo,4,Muy en desacuerdo,3,4,Muy de acuerdo,Muy en desacuerdo,Muy en desacuerdo,36,3,0,2,2,2,2,2,2,1,2,3,3,2,2,2,2,3,3,1,2,2,41
17,Masculino,chile,36,36,4. Media completa / TÈcnica incompleta.,SÌ,1,1,1,1,1,1,1,3,1,1,12,3,3,De acuerdo,4,De acuerdo,2,2,De acuerdo,En desacuerdo,En desacuerdo,26,2,0,1,1,0,1,1,2,1,2,3,3,3,1,2,2,2,3,2,2,3,34
41,Femenino,Chile,36 a√±os,36,4. Media completa / TÈcnica incompleta.,No,2,3,3,3,3,3,3,3,3,2,28,4,4,Muy en desacuerdo,4,Muy en desacuerdo,2,4,Muy de acuerdo,Muy en desacuerdo,Muy en desacuerdo,35,2,0,2,0,1,1,2,2,0,2,2,2,2,0,2,3,3,2,2,1,1,31
21,Femenino,chile,36 a√±os,36,5. Universitaria incompleta / TÈcnica completa,No,3,4,3,4,3,4,4,3,1,4,33,4,3,Muy en desacuerdo,4,Muy en desacuerdo,4,4,En desacuerdo,Muy en desacuerdo,Muy en desacuerdo,38,3,0,3,2,2,3,3,2,0,2,3,2,3,2,2,2,3,3,3,2,3,45
10,Femenino,Chile,36 a√±os,36,4. Media completa / TÈcnica incompleta.,No,3,3,3,3,2,3,3,3,3,3,29,4,3,En desacuerdo,3,De acuerdo,3,3,De acuerdo,En desacuerdo,En desacuerdo,29,0,3,3,2,2,2,3,2,1,2,3,2,2,0,2,2,2,3,3,3,2,42
12,Femenino,Chile,43,43,4. Media completa / TÈcnica incompleta.,No,3,3,3,3,2,3,3,3,2,3,28,4,3,En desacuerdo,4,En desacuerdo,3,4,De acuerdo,De acuerdo,Muy en desacuerdo,32,3,0,3,1,1,2,2,3,1,2,3,3,2,3,3,3,2,3,3,2,3,45
67,Masculino,Chile,37 a√±os,37,3. Media incompleta.,No,3,3,3,3,3,3,3,3,3,3,30,4,4,En desacuerdo,4,En desacuerdo,4,4,En desacuerdo,En desacuerdo,En desacuerdo,35,2,0,2,2,1,2,2,1,1,1,2,2,2,2,2,1,2,2,1,2,2,32
11,Femenino,Chile,44,44,4. Media completa / TÈcnica incompleta.,No,2,2,2,3,2,3,4,2,2,2,24,4,4,Muy en desacuerdo,4,Muy en desacuerdo,4,4,Muy en desacuerdo,Muy en desacuerdo,Muy en desacuerdo,40,0,3,3,0,3,3,3,2,1,3,3,3,2,0,2,1,3,2,1,3,2,41
44,Masculino,Chile,41,44,5. Universitaria incompleta / TÈcnica completa,No,3,2,3,3,2,3,3,3,3,3,28,4,3,Muy en desacuerdo,3,En desacuerdo,3,3,De acuerdo,En desacuerdo,Muy en desacuerdo,32,0,2,2,2,2,1,1,1,1,2,3,2,3,2,3,3,2,3,3,1,3,39
22,Femenino,chile,41,41,3. Media incompleta.,No,4,4,4,4,4,4,4,2,3,4,37,4,4,Muy en desacuerdo,4,Muy en desacuerdo,4,4,En desacuerdo,Muy en desacuerdo,Muy en desacuerdo,39,3,0,3,3,3,3,2,3,3,2,3,3,3,2,2,1,3,3,0,0,3,45
19,Femenino,chilena,39,39,2. B·sica completa.,No,1,1,1,3,1,1,1,1,1,1,12,4,4,Muy en desacuerdo,3,De acuerdo,4,4,En desacuerdo,Muy en desacuerdo,En desacuerdo,35,3,0,1,1,1,1,0,1,1,3,3,2,2,0,1,1,2,2,2,1,3,28
16,Femenino,chile,36,36,3. Media incompleta.,No,3,3,3,3,3,3,4,4,3,3,32,4,3,Muy en desacuerdo,3,Muy en desacuerdo,3,3,En desacuerdo,En desacuerdo,En desacuerdo,33,0,3,3,2,2,3,3,1,1,2,3,2,3,2,3,2,2,3,3,3,2,46
4,Femenino,Chile,35,35,4. Media completa / TÈcnica incompleta.,No,4,3,3,3,3,3,4,3,2,3,31,1,1,Muy en desacuerdo,4,Muy en desacuerdo,1,4,Muy en desacuerdo,Muy en desacuerdo,Muy en desacuerdo,31,3,0,2,3,2,2,3,3,2,3,3,3,3,1,2,2,3,3,3,3,3,49
25,Masculino,chile,34,34,5. Universitaria incompleta / TÈcnica completa,No,3,2,3,3,3,3,3,3,3,3,29,4,4,Muy en desacuerdo,4,Muy de acuerdo,4,4,Muy en desacuerdo,Muy en desacuerdo,Muy en desacuerdo,37,3,0,3,3,2,2,2,3,2,2,3,2,3,2,3,3,3,3,2,2,3,48
56,Masculino,Chile,33 a√±os,35,4. Media completa / TÈcnica incompleta.,SÌ,1,1,1,1,1,1,1,1,1,1,10,3,3,De acuerdo,3,De acuerdo,3,3,Muy de acuerdo,De acuerdo,De acuerdo,24,3,0,2,2,1,2,2,3,2,2,2,2,2,3,2,2,2,2,2,1,2,39
15,Femenino,Chile,34,34,5. Universitaria incompleta / TÈcnica completa,No,2,2,3,3,2,3,3,2,2,3,25,3,3,Muy en desacuerdo,4,Muy en desacuerdo,3,3,De acuerdo,Muy en desacuerdo,Muy en desacuerdo,34,2,0,2,2,1,1,0,2,2,2,3,2,2,1,2,1,2,3,3,2,3,35
45,Masculino,Chile,35,35,4. Media completa / TÈcnica incompleta.,No,3,2,3,2,2,2,4,3,3,3,27,4,4,Muy en desacuerdo,4,En desacuerdo,4,4,Muy de acuerdo,Muy en desacuerdo,Muy en desacuerdo,36,3,0,3,1,2,2,3,1,0,2,2,1,3,1,1,3,3,2,2,3,2,38
42,Masculino,Chile,35,35,5. Universitaria incompleta / TÈcnica completa,No,4,3,4,3,4,3,4,3,3,3,34,4,3,Muy en desacuerdo,3,Muy en desacuerdo,3,4,De acuerdo,Muy en desacuerdo,Muy en desacuerdo,35,0,2,2,2,2,2,2,2,2,2,3,3,2,2,2,3,2,3,2,2,2,42
53,Masculino,Chile,35 a√±os,35,4. Media completa / TÈcnica incompleta.,No,1,2,4,4,4,4,4,4,4,4,35,4,4,Muy en desacuerdo,4,Muy en desacuerdo,4,4,Muy en desacuerdo,Muy en desacuerdo,Muy en desacuerdo,40,0,3,3,3,3,3,2,2,2,3,3,2,3,3,3,3,3,3,3,1,3,51
12,Masculino,chile,34,34,4. Media completa / TÈcnica incompleta.,SÌ,2,1,2,2,2,1,2,2,2,2,18,3,4,Muy de acuerdo,3,De acuerdo,1,1,Muy de acuerdo,Muy de acuerdo,Muy de acuerdo,18,0,2,2,2,2,1,1,1,1,1,1,1,1,0,2,2,2,2,3,1,2,28
35,Masculino,Chile,34,34,5. Universitaria incompleta / TÈcnica completa,No,3,2,2,3,2,3,3,3,2,3,26,3,4,Muy en desacuerdo,4,En desacuerdo,4,3,Muy en desacuerdo,Muy en desacuerdo,Muy en desacuerdo,37,2,0,2,2,2,2,3,2,1,2,2,2,2,0,2,2,1,2,3,1,2,35
18,Femenino,chile,15 a√±os,33,4. Media completa / TÈcnica incompleta.,No,3,3,3,3,2,3,3,3,2,3,28,3,3,En desacuerdo,2,De acuerdo,2,2,De acuerdo,De acuerdo,De acuerdo,23,0,2,3,3,0,3,2,3,1,3,3,3,3,2,3,3,3,2,2,2,2,46
61,Masculino,Chile,34 a√±os,34,5. Universitaria incompleta / TÈcnica completa,No,1,1,1,1,1,1,1,1,1,1,10,4,4,Muy en desacuerdo,4,Muy en desacuerdo,4,4,En desacuerdo,Muy en desacuerdo,Muy en desacuerdo,39,3,0,3,2,2,3,3,2,1,2,3,2,2,0,3,2,3,3,2,2,3,43
28,Femenino,Chile,33 a√±os,33,5. Universitaria incompleta / TÈcnica completa,No,4,3,4,3,2,4,4,4,1,3,32,3,3,En desacuerdo,3,En desacuerdo,3,3,En desacuerdo,En desacuerdo,Muy en desacuerdo,31,3,0,3,3,2,2,3,3,2,2,3,2,3,2,3,3,3,3,2,2,3,49
46,Masculino,Chile,33,33,4. Media completa / TÈcnica incompleta.,No,3,2,3,3,3,3,3,3,3,3,29,4,4,Muy en desacuerdo,4,Muy en desacuerdo,4,4,De acuerdo,Muy en desacuerdo,Muy en desacuerdo,38,3,0,3,3,2,2,2,2,2,2,3,2,3,2,2,3,0,3,2,2,2,43
24,Femenino,Chile,33,33,4. Media completa / TÈcnica incompleta.,No,1,1,1,1,1,1,1,1,1,1,10,4,4,Muy en desacuerdo,4,En desacuerdo,4,4,En desacuerdo,Muy en desacuerdo,Muy en desacuerdo,38,3,0,2,2,2,2,3,1,1,2,3,2,2,1,3,3,3,3,2,2,2,42
11,Femenino,chile,34 a√±os,34,4. Media completa / TÈcnica incompleta.,No,1,2,1,1,1,2,3,1,1,2,15,2,3,De acuerdo,3,De acuerdo,1,2,Muy de acuerdo,De acuerdo,De acuerdo,20,0,3,3,3,2,2,2,2,1,2,2,2,3,0,3,3,3,2,3,0,1,41
10,Femenino,Chile,34,34,6. Universitaria completa.,No,2,3,2,3,2,3,3,3,2,3,26,1,1,Muy en desacuerdo,1,Muy en desacuerdo,1,1,Muy de acuerdo,Muy en desacuerdo,Muy en desacuerdo,22,2,0,2,2,2,1,0,2,0,2,3,2,3,0,3,3,3,1,3,3,3,37
6,Femenino,chile,33,33,4. Media completa / TÈcnica incompleta.,No,2,3,3,3,2,2,3,2,3,2,25,3,3,Muy en desacuerdo,3,Muy en desacuerdo,3,3,Muy en desacuerdo,Muy en desacuerdo,En desacuerdo,34,0,2,3,2,1,3,2,1,1,3,3,3,3,1,3,2,2,3,3,2,2,43
12,Femenino,Chile,33,33,3. Media incompleta.,No,1,1,1,1,1,1,1,1,1,1,10,4,4,Muy en desacuerdo,4,Muy en desacuerdo,4,4,Muy de acuerdo,Muy en desacuerdo,Muy en desacuerdo,37,3,0,2,1,1,2,2,1,0,2,2,2,3,1,2,1,3,1,1,2,2,32
1,Femenino,Chile,33,33,4. Media completa / TÈcnica incompleta.,SÌ,1,1,1,1,1,1,1,1,1,1,10,3,3,En desacuerdo,3,Muy en desacuerdo,3,3,De acuerdo,En desacuerdo,Muy de acuerdo,28,0,3,3,2,1,2,2,1,1,1,3,2,3,1,2,2,2,3,2,0,3,36
9,Masculino,chile,33,33,6. Universitaria completa.,No,2,3,3,3,2,3,3,3,2,3,27,1,1,Muy de acuerdo,1,Muy en desacuerdo,1,1,De acuerdo,Muy de acuerdo,Muy de acuerdo,14,0,3,3,3,2,2,2,3,1,2,3,2,3,3,3,3,2,2,3,2,3,47
44,Masculino,Chile,33,33,4. Media completa / TÈcnica incompleta.,No,NA,NA,NA,NA,NA,NA,NA,NA,NA,NA,NA,4,3,Muy en desacuerdo,4,De acuerdo,3,2,Muy de acuerdo,En desacuerdo,En desacuerdo,29,3,0,3,2,2,1,1,1,1,1,2,1,2,1,3,3,3,2,1,2,2,35
15,Femenino,chile,33,33,4. Media completa / TÈcnica incompleta.,SÌ,2,2,1,1,2,1,1,1,2,1,14,2,2,En desacuerdo,2,En desacuerdo,3,2,De acuerdo,En desacuerdo,En desacuerdo,25,0,NA,3,3,0,3,3,2,2,2,3,2,3,2,3,2,2,3,3,2,2,NA
2,Femenino,Chile,32 a√±os,32,4. Media completa / TÈcnica incompleta.,No,3,2,3,3,3,3,3,3,3,3,29,3,3,En desacuerdo,3,De acuerdo,3,2,Muy de acuerdo,En desacuerdo,De acuerdo,25,3,0,3,2,2,2,2,1,1,2,2,1,3,1,2,3,1,1,3,0,2,35
29,Femenino,Chile,32 a√±os,32,5. Universitaria incompleta / TÈcnica completa,No,2,2,2,2,2,3,2,2,1,2,20,3,4,Muy en desacuerdo,4,En desacuerdo,4,3,En desacuerdo,Muy en desacuerdo,Muy en desacuerdo,36,3,0,3,2,3,3,3,3,3,2,3,3,3,2,3,3,0,3,2,2,3,49
21,Femenino,Chile,32,32,5. Universitaria incompleta / TÈcnica completa,No,3,2,3,3,2,3,3,3,3,3,28,4,2,En desacuerdo,4,En desacuerdo,3,3,De acuerdo,En desacuerdo,En desacuerdo,30,3,0,3,2,1,2,2,2,1,2,3,2,2,1,2,2,2,3,2,1,2,38
26,Femenino,chile,32,32,5. Universitaria incompleta / TÈcnica completa,No,2,3,2,2,2,2,2,2,2,2,21,3,4,En desacuerdo,3,En desacuerdo,3,3,En desacuerdo,En desacuerdo,En desacuerdo,31,2,0,2,0,2,2,2,2,1,2,2,2,3,1,2,3,3,2,0,3,2,36
23,Femenino,Chile,32 a√±os,32,4. Media completa / TÈcnica incompleta.,No,1,1,1,1,1,1,1,1,1,1,10,3,3,De acuerdo,3,Muy de acuerdo,2,2,Muy de acuerdo,De acuerdo,De acuerdo,21,0,2,2,2,2,0,1,0,0,2,3,2,3,2,1,0,2,2,1,1,2,28
20,Masculino,chile,31,31,4. Media completa / TÈcnica incompleta.,SÌ,3,3,4,3,3,4,4,3,1,3,31,4,4,Muy en desacuerdo,4,En desacuerdo,4,3,Muy de acuerdo,Muy en desacuerdo,En desacuerdo,34,3,0,3,1,0,2,1,2,1,3,2,2,1,3,0,2,2,3,3,2,2,36
49,Femenino,Francia,37 a√±os,37,2. B·sica completa.,No,3,3,2,3,3,2,3,3,3,3,28,3,3,En desacuerdo,3,De acuerdo,2,3,De acuerdo,En desacuerdo,Muy en desacuerdo,28,1,0,2,3,1,0,0,2,0,2,2,2,3,1,1,1,0,1,2,2,1,26
13,Femenino,chile,32,32,5. Universitaria incompleta / TÈcnica completa,No,3,3,3,3,2,3,3,3,3,3,29,3,3,Muy en desacuerdo,3,De acuerdo,3,3,De acuerdo,Muy en desacuerdo,Muy en desacuerdo,31,3,0,3,2,1,2,2,2,2,2,2,2,2,1,1,2,3,3,1,1,2,37
10,Femenino,chile,31,31,4. Media completa / TÈcnica incompleta.,No,2,2,2,2,2,2,2,2,2,2,20,4,4,Muy en desacuerdo,4,Muy en desacuerdo,4,4,Muy en desacuerdo,Muy en desacuerdo,Muy en desacuerdo,40,3,0,3,1,2,3,3,3,3,3,3,3,3,2,2,2,3,3,2,2,3,49
13,Femenino,Chlie,31,31,4. Media completa / TÈcnica incompleta.,No,3,3,3,3,3,3,3,3,3,3,30,4,4,Muy en desacuerdo,4,Muy en desacuerdo,4,4,Muy en desacuerdo,Muy en desacuerdo,Muy en desacuerdo,40,3,0,3,2,2,2,3,3,2,2,3,2,3,1,2,2,2,3,1,2,3,43
45,Masculino,Chile,33 a√±os,33,4. Media completa / TÈcnica incompleta.,No,4,4,4,4,1,4,4,1,4,1,31,4,4,En desacuerdo,4,En desacuerdo,4,4,En desacuerdo,En desacuerdo,En desacuerdo,35,3,0,3,3,2,2,2,2,1,2,3,2,2,1,1,3,1,3,3,2,3,41
21,Masculino,chile,32,32,5. Universitaria incompleta / TÈcnica completa,No,1,1,1,1,1,1,1,1,1,1,10,4,4,Muy en desacuerdo,4,Muy en desacuerdo,3,3,De acuerdo,Muy en desacuerdo,En desacuerdo,35,0,3,3,3,2,1,1,2,1,2,3,2,3,1,3,3,2,3,2,1,2,41
29,Masculino,chile,31,31,5. Universitaria incompleta / TÈcnica completa,No,1,1,1,1,1,1,1,1,1,1,10,3,3,En desacuerdo,3,En desacuerdo,3,3,De acuerdo,De acuerdo,En desacuerdo,28,3,0,3,3,3,2,2,3,2,2,3,2,1,2,3,3,3,3,1,3,3,47
60,Masculino,Chile,32 a√±os,32,4. Media completa / TÈcnica incompleta.,No,3,3,3,3,3,3,3,3,3,3,30,4,4,Muy en desacuerdo,4,Muy en desacuerdo,4,4,De acuerdo,Muy en desacuerdo,Muy en desacuerdo,38,0,3,3,2,2,2,2,2,1,2,2,2,2,2,2,2,2,3,2,2,2,40
11,Femenino,chile,32,32,4. Media completa / TÈcnica incompleta.,SÌ,2,2,2,2,2,4,3,3,2,3,25,3,3,En desacuerdo,3,En desacuerdo,3,4,Muy de acuerdo,En desacuerdo,Muy en desacuerdo,30,0,2,2,2,2,3,3,2,1,2,2,2,3,2,2,2,2,2,2,2,2,40
57,Masculino,Chile,31 a√±os,31,4. Media completa / TÈcnica incompleta.,No,3,3,3,2,2,3,3,2,3,2,26,4,4,Muy en desacuerdo,4,Muy en desacuerdo,3,4,De acuerdo,De acuerdo,Muy en desacuerdo,35,0,2,2,2,1,2,2,3,1,3,1,1,3,3,2,3,0,2,3,2,2,38
47,Masculino,Chile,31,31,4. Media completa / TÈcnica incompleta.,No,1,1,1,1,1,1,1,1,1,1,10,4,4,Muy en desacuerdo,4,Muy en desacuerdo,4,4,En desacuerdo,Muy en desacuerdo,Muy en desacuerdo,39,3,0,3,2,3,3,2,2,1,2,3,2,2,0,2,3,3,3,1,1,2,41
25,Femenino,Chile,30 a√±os,30,4. Media completa / TÈcnica incompleta.,No,1,4,1,4,1,4,4,3,3,4,29,4,3,Muy en desacuerdo,3,Muy en desacuerdo,4,2,Muy de acuerdo,Muy en desacuerdo,Muy en desacuerdo,33,2,0,2,3,2,3,3,3,3,3,2,3,3,2,3,2,3,3,3,2,3,50
4,Femenino,Chile,30 a√±os,30,5. Universitaria incompleta / TÈcnica completa,No,3,2,2,2,1,3,4,2,2,2,23,4,4,Muy en desacuerdo,3,Muy en desacuerdo,3,3,Muy de acuerdo,Muy en desacuerdo,Muy en desacuerdo,34,3,0,3,1,2,2,3,1,0,2,3,2,3,0,1,1,3,2,1,2,2,35
58,Masculino,Chile,31 a√±os,31,5. Universitaria incompleta / TÈcnica completa,No,1,1,1,1,1,1,1,1,1,1,10,4,3,Muy en desacuerdo,1,Muy de acuerdo,1,1,Muy de acuerdo,Muy en desacuerdo,Muy en desacuerdo,24,0,3,3,2,1,2,1,2,1,1,1,1,2,0,1,1,2,2,2,0,0,28
26,Femenino,Chile,30 a√±os,30,5. Universitaria incompleta / TÈcnica completa,No,1,1,1,1,1,1,1,1,1,1,10,3,3,En desacuerdo,4,Muy en desacuerdo,3,3,Muy de acuerdo,Muy de acuerdo,De acuerdo,27,0,1,1,2,2,2,2,2,1,2,3,2,1,0,3,2,2,2,1,2,3,33
6,Femenino,Chile,30 a√±os,30,5. Universitaria incompleta / TÈcnica completa,SÌ,2,3,3,3,1,3,2,2,1,2,22,4,4,Muy en desacuerdo,4,Muy en desacuerdo,3,3,Muy de acuerdo,Muy en desacuerdo,Muy en desacuerdo,35,1,0,1,3,0,1,0,2,1,3,3,3,3,0,1,3,2,3,2,3,1,35
15,Femenino,Chile,30 a√±os,30,5. Universitaria incompleta / TÈcnica completa,No,1,1,3,3,1,1,1,1,1,1,14,3,3,En desacuerdo,2,En desacuerdo,3,3,En desacuerdo,En desacuerdo,Muy en desacuerdo,30,2,0,2,3,0,2,2,2,1,1,2,2,2,1,2,2,3,2,2,0,2,33
22,Masculino,Chile,31,31,5. Universitaria incompleta / TÈcnica completa,No,4,1,4,4,4,4,4,4,4,4,37,1,3,Muy en desacuerdo,2,Muy de acuerdo,3,2,Muy en desacuerdo,Muy en desacuerdo,Muy en desacuerdo,28,0,3,3,3,3,2,3,3,2,3,3,3,3,3,3,3,3,3,0,3,3,52
28,Masculino,chile,30,30,2. B·sica completa.,No,3,1,4,4,4,1,1,1,1,4,24,4,4,Muy de acuerdo,4,Muy de acuerdo,3,4,Muy de acuerdo,Muy de acuerdo,Muy de acuerdo,24,0,3,2,3,2,2,1,3,3,3,3,2,3,1,3,3,0,0,3,1,3,41
8,Femenino,Chile,29 a√±os,29,5. Universitaria incompleta / TÈcnica completa,No,2,2,2,2,2,2,1,2,1,2,18,3,3,En desacuerdo,4,En desacuerdo,3,3,De acuerdo,En desacuerdo,En desacuerdo,30,1,0,1,2,1,2,1,2,1,2,2,2,2,2,3,1,3,2,2,0,2,32
8,Femenino,chile,29,29,5. Universitaria incompleta / TÈcnica completa,No,1,1,1,1,1,1,1,1,1,1,10,4,4,Muy en desacuerdo,4,Muy en desacuerdo,3,3,De acuerdo,En desacuerdo,Muy en desacuerdo,35,2,0,1,3,0,1,1,3,3,3,3,3,1,3,2,3,3,2,2,0,1,39
19,Masculino,chile,29,29,4. Media completa / TÈcnica incompleta.,No,2,3,2,2,3,2,2,3,2,2,23,3,3,En desacuerdo,3,En desacuerdo,4,3,De acuerdo,De acuerdo,En desacuerdo,29,3,0,2,1,2,2,2,2,1,2,3,2,2,1,2,2,3,3,3,1,2,39
5,Femenino,chile,29,29,5. Universitaria incompleta / TÈcnica completa,No,2,2,3,2,2,3,3,4,3,3,27,4,4,En desacuerdo,4,En desacuerdo,3,3,Muy de acuerdo,De acuerdo,En desacuerdo,30,3,0,2,3,0,2,3,1,1,2,3,2,2,1,2,2,1,2,2,3,2,37
19,Masculino,Chile,30 a√±os,30,5. Universitaria incompleta / TÈcnica completa,No,1,1,1,1,1,2,2,3,3,3,18,4,4,Muy en desacuerdo,4,Muy en desacuerdo,4,3,De acuerdo,Muy en desacuerdo,En desacuerdo,36,3,0,3,3,2,2,3,3,3,3,3,2,2,3,3,2,3,3,3,1,3,50
48,Masculino,Chile,37,37,4. Media completa / TÈcnica incompleta.,No,3,2,3,3,3,3,3,2,3,3,28,1,1,Muy de acuerdo,1,En desacuerdo,1,1,Muy de acuerdo,Muy de acuerdo,Muy de acuerdo,12,3,0,0,3,1,3,2,3,3,3,3,3,3,3,3,3,2,3,2,2,3,48
13,Masculino,chile,30 a√±os,30,4. Media completa / TÈcnica incompleta.,No,1,1,2,2,1,2,1,2,2,1,15,4,3,En desacuerdo,2,De acuerdo,2,2,De acuerdo,En desacuerdo,En desacuerdo,26,2,0,0,3,2,2,2,3,1,2,3,2,3,2,3,3,2,3,1,2,2,41
22,Femenino,Chile,29,29,4. Media completa / TÈcnica incompleta.,No,1,1,1,1,1,1,1,1,1,1,10,4,4,Muy en desacuerdo,4,Muy en desacuerdo,4,4,Muy en desacuerdo,Muy en desacuerdo,Muy en desacuerdo,40,3,0,3,3,2,0,0,3,2,2,3,3,3,1,3,3,0,2,2,3,3,41
8,Masculino,chile,23,23,4. Media completa / TÈcnica incompleta.,No,2,1,2,2,2,2,2,3,2,2,20,3,3,En desacuerdo,3,En desacuerdo,3,2,Muy de acuerdo,En desacuerdo,En desacuerdo,27,2,0,3,3,2,2,2,3,2,2,3,2,2,1,2,2,2,2,1,0,1,38
9,Masculino,chile,28 a√±os,29,5. Universitaria incompleta / TÈcnica completa,SÌ,1,1,1,1,1,1,1,1,1,1,10,3,3,En desacuerdo,4,Muy de acuerdo,1,1,Muy de acuerdo,De acuerdo,En desacuerdo,22,0,3,3,2,3,3,3,2,2,2,2,2,3,0,3,3,3,2,1,3,3,45
42,Masculino,Chile,29 a√±os,29,5. Universitaria incompleta / TÈcnica completa,No,3,3,3,3,2,3,3,3,3,2,28,3,3,Muy en desacuerdo,4,Muy en desacuerdo,3,3,De acuerdo,Muy en desacuerdo,En desacuerdo,33,3,0,2,3,2,2,2,2,2,2,2,2,2,2,2,2,1,2,2,1,2,38
6,Femenino,Chile,28 a√±os,28,5. Universitaria incompleta / TÈcnica completa,No,1,1,1,1,1,2,1,1,1,1,11,4,4,Muy en desacuerdo,4,Muy en desacuerdo,4,4,Muy en desacuerdo,Muy en desacuerdo,Muy en desacuerdo,40,3,0,3,2,3,2,2,2,1,2,3,3,3,2,2,2,3,3,2,1,2,44
7,Femenino,Chile,29 a√±os,29,5. Universitaria incompleta / TÈcnica completa,No,2,2,2,2,2,2,2,2,2,2,20,4,4,Muy en desacuerdo,4,En desacuerdo,4,3,De acuerdo,Muy en desacuerdo,Muy en desacuerdo,36,3,0,3,3,2,2,2,2,2,3,3,2,2,1,2,3,2,3,2,3,2,45
23,Femenino,Chile,31,31,6. Universitaria completa.,No,3,2,4,4,3,4,3,3,1,3,30,4,4,Muy en desacuerdo,4,Muy en desacuerdo,3,3,Muy de acuerdo,Muy en desacuerdo,En desacuerdo,34,0,2,2,3,1,3,3,2,1,2,2,2,3,2,3,3,2,3,0,2,2,41
17,Masculino,chile,29,29,4. Media completa / TÈcnica incompleta.,No,3,1,3,3,1,3,4,4,3,1,26,4,4,Muy en desacuerdo,4,Muy de acuerdo,4,4,Muy en desacuerdo,Muy en desacuerdo,Muy en desacuerdo,37,3,0,3,3,3,3,3,3,2,2,3,3,3,1,0,0,1,3,3,3,1,45
33,Femenino,Chile,28,28,5. Universitaria incompleta / TÈcnica completa,No,1,1,1,3,2,2,4,3,1,3,21,4,4,Muy en desacuerdo,4,Muy de acuerdo,4,4,Muy de acuerdo,De acuerdo,En desacuerdo,31,3,0,3,3,2,2,3,2,1,2,3,2,3,2,3,2,1,2,2,2,2,43
24,Masculino,chile,39,39,5. Universitaria incompleta / TÈcnica completa,No,2,2,2,2,2,2,3,3,2,2,22,3,3,En desacuerdo,3,En desacuerdo,3,3,De acuerdo,De acuerdo,En desacuerdo,28,3,0,3,2,2,3,3,2,2,2,3,2,3,2,2,2,2,2,2,2,1,44
38,Femenino,Chile,28 a√±os,28,3. Media incompleta.,No,2,2,3,3,2,3,3,3,1,1,23,4,4,En desacuerdo,4,De acuerdo,4,3,De acuerdo,De acuerdo,De acuerdo,30,3,0,2,2,2,1,2,3,1,2,1,1,1,1,1,1,3,2,2,2,2,33
23,Femenino,Chile,28,28,4. Media completa / TÈcnica incompleta.,No,2,3,3,3,1,3,3,3,2,3,26,4,3,Muy en desacuerdo,4,En desacuerdo,3,3,De acuerdo,Muy en desacuerdo,Muy en desacuerdo,34,3,0,3,2,2,2,2,2,2,2,2,2,2,1,3,2,2,2,2,2,3,40
33,Femenino,Chile,28 a√±os,28,5. Universitaria incompleta / TÈcnica completa,No,2,3,2,2,2,2,2,3,2,2,22,3,3,En desacuerdo,3,En desacuerdo,3,3,De acuerdo,En desacuerdo,En desacuerdo,29,2,0,2,2,2,2,1,2,2,2,2,2,2,1,2,2,1,2,2,1,2,34
7,Masculino,Chile,27,28,5. Universitaria incompleta / TÈcnica completa,No,1,1,1,1,1,1,1,1,1,1,10,4,4,Muy en desacuerdo,4,Muy en desacuerdo,4,4,En desacuerdo,Muy en desacuerdo,Muy en desacuerdo,39,3,0,3,3,3,2,1,3,2,3,3,3,3,3,3,3,2,3,0,2,3,48
9,Femenino,Chile,28 a√±os,28,5. Universitaria incompleta / TÈcnica completa,No,2,2,3,1,1,2,3,3,2,3,22,4,4,Muy en desacuerdo,4,Muy en desacuerdo,4,3,De acuerdo,Muy en desacuerdo,Muy en desacuerdo,37,2,0,3,3,3,1,1,3,2,2,3,2,3,2,3,3,2,3,2,2,2,45
24,Femenino,Chile,25 a√±os,28,5. Universitaria incompleta / TÈcnica completa,No,1,1,1,1,1,1,1,1,1,1,10,3,3,De acuerdo,3,En desacuerdo,3,3,De acuerdo,De acuerdo,De acuerdo,26,3,0,3,2,2,3,2,2,2,2,2,2,2,1,2,2,1,2,3,2,2,40
27,Femenino,chile,28,28,6. Universitaria completa.,SÌ,4,3,4,4,3,4,4,3,4,4,37,4,4,Muy en desacuerdo,4,Muy en desacuerdo,4,1,Muy en desacuerdo,Muy en desacuerdo,Muy en desacuerdo,37,0,3,2,3,0,3,3,2,1,2,3,2,3,2,1,2,2,3,3,3,3,43
17,Masculino,chile,29 a√±os,29,2. B·sica completa.,SÌ,3,2,3,3,2,3,3,3,2,3,27,3,3,De acuerdo,3,En desacuerdo,3,3,Muy de acuerdo,Muy de acuerdo,De acuerdo,24,3,0,3,2,1,1,1,1,2,2,3,1,2,1,2,2,1,1,3,0,2,32
33,Masculino,chile,28,28,5. Universitaria incompleta / TÈcnica completa,No,2,2,2,2,2,2,3,2,2,2,21,4,3,En desacuerdo,3,Muy en desacuerdo,3,4,De acuerdo,En desacuerdo,Muy en desacuerdo,33,0,3,3,3,0,2,2,3,2,2,2,3,3,3,2,2,2,3,1,1,2,42
17,Femenino,Chile,29 a√±os,29,2. B·sica completa.,No,1,1,1,1,1,1,1,1,1,1,10,3,2,De acuerdo,3,En desacuerdo,3,3,En desacuerdo,En desacuerdo,En desacuerdo,28,0,3,3,2,1,2,3,1,1,1,1,1,1,1,1,0,1,1,2,1,2,27
9,Femenino,chile,28,28,4. Media completa / TÈcnica incompleta.,SÌ,3,4,3,4,3,4,4,3,3,4,35,4,4,Muy en desacuerdo,4,Muy de acuerdo,4,1,De acuerdo,Muy en desacuerdo,Muy en desacuerdo,32,3,0,3,1,0,3,3,1,0,1,1,1,3,1,2,2,2,3,3,3,3,36
17,Femenino,Chile,27,27,5. Universitaria incompleta / TÈcnica completa,No,1,1,2,2,1,1,2,2,2,2,16,3,2,Muy de acuerdo,3,De acuerdo,2,2,De acuerdo,De acuerdo,De acuerdo,21,0,2,2,1,1,0,1,1,0,2,2,1,2,1,2,2,1,2,1,2,1,26
24,Masculino,chile,27,27,4. Media completa / TÈcnica incompleta.,No,2,2,3,3,2,1,3,3,1,1,21,4,3,Muy en desacuerdo,4,En desacuerdo,3,3,En desacuerdo,En desacuerdo,Muy en desacuerdo,34,2,0,3,2,2,2,2,2,1,2,2,2,3,1,1,2,3,2,2,2,2,38
24,Femenino,Chile,27,27,5. Universitaria incompleta / TÈcnica completa,No,3,3,2,2,1,3,2,2,1,2,21,4,4,Muy en desacuerdo,4,Muy en desacuerdo,4,3,De acuerdo,Muy en desacuerdo,Muy en desacuerdo,37,3,0,2,3,0,2,0,3,1,3,3,3,3,2,3,3,2,3,2,2,2,43
5,Femenino,Chile,27 a√±os,27,4. Media completa / TÈcnica incompleta.,No,4,4,4,4,4,4,4,4,4,4,40,4,4,Muy en desacuerdo,4,Muy en desacuerdo,4,3,Muy de acuerdo,Muy en desacuerdo,Muy en desacuerdo,36,0,3,3,3,1,3,3,2,2,3,2,2,3,2,2,2,3,2,2,2,3,45
20,Femenino,Chile,27 a√±os,27,5. Universitaria incompleta / TÈcnica completa,No,1,1,1,1,1,1,1,1,1,1,10,4,3,Muy en desacuerdo,4,Muy en desacuerdo,3,3,De acuerdo,En desacuerdo,Muy en desacuerdo,34,2,0,1,3,1,1,0,3,0,2,3,2,1,1,3,3,2,2,2,2,2,34
43,Masculino,Chile,30 a√±os,30,3. Media incompleta.,No,3,4,3,3,3,2,4,2,3,3,30,3,3,Muy en desacuerdo,4,En desacuerdo,3,3,De acuerdo,Muy en desacuerdo,Muy en desacuerdo,33,2,0,2,3,2,1,2,2,2,2,2,2,1,2,1,2,1,2,3,1,2,35
25,Masculino,Chlie,25,27,4. Media completa / TÈcnica incompleta.,No,1,1,1,1,1,1,1,1,1,1,10,4,4,Muy de acuerdo,4,Muy de acuerdo,4,4,Muy de acuerdo,Muy de acuerdo,Muy de acuerdo,25,3,0,3,3,1,2,1,1,1,2,3,3,1,0,3,2,0,1,2,1,2,33
3,Femenino,Chile,27,27,4. Media completa / TÈcnica incompleta.,SÌ,2,3,3,3,2,3,3,3,3,2,27,3,2,Muy de acuerdo,3,De acuerdo,2,3,En desacuerdo,En desacuerdo,En desacuerdo,25,0,3,2,2,1,2,3,3,1,2,3,2,2,1,1,1,1,3,3,2,2,38
22,Masculino,Chile,27 a√±os,27,5. Universitaria incompleta / TÈcnica completa,No,2,1,2,3,1,4,2,3,3,3,24,4,4,En desacuerdo,3,Muy en desacuerdo,3,3,Muy en desacuerdo,Muy en desacuerdo,Muy en desacuerdo,36,0,3,2,3,2,3,3,2,1,2,3,2,3,3,3,3,3,2,2,2,3,47
16,Femenino,chile,29,29,5. Universitaria incompleta / TÈcnica completa,No,2,2,2,2,2,2,2,2,2,2,20,4,4,En desacuerdo,4,Muy en desacuerdo,4,4,Muy de acuerdo,Muy en desacuerdo,Muy en desacuerdo,36,3,0,3,2,3,2,3,3,2,3,3,2,3,2,3,3,2,3,3,2,3,50
12,Masculino,Chile,26 a√±os,26,5. Universitaria incompleta / TÈcnica completa,No,1,1,1,1,1,1,1,1,1,1,10,4,3,En desacuerdo,4,En desacuerdo,3,2,Muy en desacuerdo,Muy en desacuerdo,En desacuerdo,33,0,2,2,3,2,0,3,3,0,2,3,2,0,0,3,3,2,2,0,2,1,34
32,Masculino,Chile,26,26,5. Universitaria incompleta / TÈcnica completa,No,1,1,1,1,1,1,1,1,1,1,10,4,4,Muy en desacuerdo,3,Muy en desacuerdo,4,4,Muy en desacuerdo,En desacuerdo,Muy en desacuerdo,38,0,2,1,3,3,2,3,1,0,2,3,2,2,3,3,3,1,2,3,0,2,39
30,Masculino,Chile,26,26,4. Media completa / TÈcnica incompleta.,No,2,1,2,2,2,2,2,2,2,2,19,3,3,En desacuerdo,3,De acuerdo,3,2,De acuerdo,De acuerdo,En desacuerdo,26,2,0,3,1,0,3,1,1,1,2,2,2,2,0,1,2,2,2,3,0,2,30
17,Femenino,Chile,25,26,5. Universitaria incompleta / TÈcnica completa,No,1,1,2,2,1,1,2,1,1,1,13,4,4,Muy en desacuerdo,4,Muy de acuerdo,4,4,De acuerdo,Muy en desacuerdo,Muy en desacuerdo,35,3,0,3,3,2,1,1,3,2,3,3,3,2,2,3,3,3,3,3,2,3,48
23,Masculino,chile,25,25,5. Universitaria incompleta / TÈcnica completa,No,1,1,3,1,1,3,3,1,1,1,16,4,4,Muy en desacuerdo,1,Muy en desacuerdo,4,4,Muy en desacuerdo,Muy en desacuerdo,Muy en desacuerdo,37,3,0,3,3,3,3,3,3,3,3,3,2,3,3,1,2,3,3,3,3,3,53
37,Femenino,Chile,26 a√±os,26,5. Universitaria incompleta / TÈcnica completa,No,2,2,3,2,2,3,3,3,3,3,26,4,4,Muy en desacuerdo,4,Muy de acuerdo,3,4,Muy de acuerdo,En desacuerdo,Muy en desacuerdo,32,0,1,2,3,1,2,2,2,1,3,3,2,2,1,3,3,1,2,3,1,2,38
29,Masculino,chile,26,26,4. Media completa / TÈcnica incompleta.,No,3,2,3,3,3,3,3,3,1,3,27,3,4,Muy en desacuerdo,3,Muy de acuerdo,4,4,De acuerdo,Muy en desacuerdo,Muy en desacuerdo,33,0,3,3,3,2,2,2,3,2,3,3,3,3,3,3,3,2,3,1,1,2,48
8,Masculino,chile,26 a√±os,26,4. Media completa / TÈcnica incompleta.,No,1,1,1,1,1,1,1,1,1,1,10,3,4,En desacuerdo,2,En desacuerdo,3,3,De acuerdo,En desacuerdo,En desacuerdo,29,0,3,3,3,3,2,2,1,2,2,3,2,3,0,3,3,3,3,0,3,3,44
14,Masculino,Chile,26 a√±os y medio.,26,5. Universitaria incompleta / TÈcnica completa,No,1,1,1,1,1,1,1,1,1,1,10,4,4,Muy en desacuerdo,4,Muy en desacuerdo,3,4,Muy en desacuerdo,Muy en desacuerdo,Muy en desacuerdo,39,1,0,3,3,3,2,2,3,3,3,3,3,2,2,2,3,3,3,2,3,2,49
16,Masculino,Chile,25 anos,25,6. Universitaria completa.,No,1,1,1,1,1,1,1,1,1,1,10,4,4,En desacuerdo,3,En desacuerdo,4,3,De acuerdo,Muy en desacuerdo,De acuerdo,32,2,0,2,3,2,1,3,2,1,3,3,1,1,1,3,3,3,2,3,2,2,41
32,Masculino,Chile,24 a√±os,24,5. Universitaria incompleta / TÈcnica completa,No,3,3,3,2,2,2,3,2,4,3,27,4,4,Muy en desacuerdo,4,Muy en desacuerdo,4,4,De acuerdo,Muy en desacuerdo,Muy en desacuerdo,38,3,0,3,3,3,3,3,3,2,3,3,2,3,3,2,3,3,3,3,2,3,53
15,Femenino,Chile,25 anos,25,5. Universitaria incompleta / TÈcnica completa,No,1,1,1,1,1,1,1,1,1,1,10,4,4,Muy en desacuerdo,3,En desacuerdo,3,3,De acuerdo,Muy en desacuerdo,Muy en desacuerdo,34,2,0,2,3,1,2,3,3,1,2,2,3,2,2,2,1,3,3,2,2,2,41
13,Masculino,Chile,25,25,5. Universitaria incompleta / TÈcnica completa,No,1,1,3,4,1,1,1,3,1,2,18,4,4,Muy en desacuerdo,4,Muy en desacuerdo,3,4,En desacuerdo,Muy en desacuerdo,Muy en desacuerdo,38,0,3,3,3,0,2,3,3,2,2,3,2,2,3,3,3,2,2,2,0,3,43
25,Masculino,Chile,24,24,5. Universitaria incompleta / TÈcnica completa,No,1,2,1,1,1,1,2,1,1,1,12,4,4,Muy en desacuerdo,4,Muy en desacuerdo,4,4,En desacuerdo,Muy en desacuerdo,Muy en desacuerdo,39,0,3,3,3,3,3,3,3,2,3,3,2,3,2,2,3,3,3,2,2,3,51
1,Femenino,Chile,25,25,5. Universitaria incompleta / TÈcnica completa,No,2,1,2,2,2,2,1,2,2,2,18,4,3,Muy en desacuerdo,3,Muy en desacuerdo,3,3,En desacuerdo,En desacuerdo,Muy en desacuerdo,34,2,0,3,2,3,3,3,3,2,2,3,2,2,1,3,3,2,3,1,2,2,45
22,Masculino,Chile,25,25,6. Universitaria completa.,No,1,1,1,1,1,1,1,1,1,1,10,4,4,En desacuerdo,4,En desacuerdo,3,3,Muy de acuerdo,De acuerdo,En desacuerdo,30,3,0,3,3,3,2,2,3,1,3,3,2,1,2,3,3,2,2,2,0,1,43
11,Femenino,Chile,25 a√±os,25,5. Universitaria incompleta / TÈcnica completa,No,2,2,2,3,1,3,2,2,3,2,22,4,4,En desacuerdo,4,Muy de acuerdo,4,4,De acuerdo,En desacuerdo,Muy en desacuerdo,33,3,0,3,3,0,3,3,2,1,3,3,2,3,0,3,3,1,2,3,2,3,43
13,Femenino,Chile,25 a√±os,25,4. Media completa / TÈcnica incompleta.,No,3,3,2,3,1,2,4,1,2,2,23,3,3,En desacuerdo,4,En desacuerdo,3,2,Muy de acuerdo,De acuerdo,En desacuerdo,27,0,3,2,2,0,2,1,2,0,1,2,2,1,0,1,1,2,3,3,1,2,29
35,Femenino,Chile,25 a√±os,25,5. Universitaria incompleta / TÈcnica completa,No,1,3,1,3,1,3,3,1,3,2,21,4,4,Muy en desacuerdo,4,Muy en desacuerdo,3,3,De acuerdo,Muy en desacuerdo,Muy en desacuerdo,36,0,2,2,2,1,2,0,2,2,1,3,2,3,2,2,1,1,3,2,1,2,34
10,Femenino,Chile,24 a√±os,24,5. Universitaria incompleta / TÈcnica completa,No,4,3,3,3,3,3,3,4,3,4,33,2,4,En desacuerdo,3,Muy en desacuerdo,3,3,Muy de acuerdo,En desacuerdo,En desacuerdo,29,3,0,3,3,2,3,2,3,3,3,3,3,3,2,2,2,0,3,3,0,3,46
25,Masculino,Chile,26,26,6. Universitaria completa.,No,1,1,2,2,1,1,1,2,1,2,14,4,4,Muy en desacuerdo,4,Muy en desacuerdo,4,4,De acuerdo,Muy en desacuerdo,Muy en desacuerdo,38,3,0,3,3,3,2,3,2,2,2,3,3,2,2,3,3,3,3,1,3,2,49
16,Masculino,chile,25 a√±os,25,5. Universitaria incompleta / TÈcnica completa,No,3,3,4,4,3,3,4,3,3,3,33,3,3,En desacuerdo,3,De acuerdo,3,3,De acuerdo,En desacuerdo,En desacuerdo,28,0,3,3,2,2,3,3,3,2,2,3,2,2,2,2,2,2,2,2,2,3,44
1,Femenino,Chile,24 a√±os,24,5. Universitaria incompleta / TÈcnica completa,No,2,1,2,3,1,2,2,3,1,2,19,3,3,En desacuerdo,3,En desacuerdo,3,3,De acuerdo,De acuerdo,De acuerdo,27,0,2,2,3,1,1,2,2,2,2,3,2,2,1,2,3,1,2,2,1,2,36
11,Femenino,chile,23,23,5. Universitaria incompleta / TÈcnica completa,No,2,3,3,3,2,2,3,2,2,2,24,3,3,En desacuerdo,3,En desacuerdo,2,2,Muy de acuerdo,De acuerdo,En desacuerdo,25,3,0,3,2,1,2,1,2,1,1,2,1,1,0,1,1,1,3,3,2,1,31
18,Femenino,Chile,24 a√±os,24,5. Universitaria incompleta / TÈcnica completa,No,2,1,2,2,2,3,2,2,2,2,20,NA,NA,NA,NA,NA,NA,NA,NA,NA,NA,NA,0,1,1,3,2,2,3,2,1,2,2,2,2,2,2,2,3,3,3,1,2,39
7,Masculino,chile,24 a√±os,24,5. Universitaria incompleta / TÈcnica completa,No,1,1,1,1,1,1,1,1,1,1,10,2,4,Muy en desacuerdo,3,En desacuerdo,3,2,Muy de acuerdo,Muy en desacuerdo,Muy en desacuerdo,30,0,2,3,2,2,3,3,2,1,2,2,2,3,1,3,3,2,3,2,2,2,43
27,Masculino,Chile,24 a√±os,24,5. Universitaria incompleta / TÈcnica completa,No,1,1,1,1,1,1,1,1,1,1,10,3,3,Muy en desacuerdo,4,Muy en desacuerdo,4,4,En desacuerdo,En desacuerdo,Muy en desacuerdo,36,2,0,0,3,2,1,3,3,1,2,2,2,2,1,3,3,3,3,1,1,2,38
1,Femenino,chile,23,23,5. Universitaria incompleta / TÈcnica completa,No,2,1,2,2,1,2,2,3,2,3,20,3,3,En desacuerdo,3,En desacuerdo,2,2,Muy de acuerdo,De acuerdo,De acuerdo,24,3,0,3,2,2,2,1,2,1,2,3,2,2,1,3,3,2,2,2,0,2,38
21,Femenino,Chile,23,23,4. Media completa / TÈcnica incompleta.,No,1,1,1,1,1,1,1,1,1,1,10,4,4,Muy en desacuerdo,4,Muy en desacuerdo,4,4,Muy de acuerdo,Muy en desacuerdo,Muy en desacuerdo,37,3,0,3,3,3,2,1,3,3,3,3,3,3,3,3,3,0,3,2,3,3,50
4,Femenino,Chile,23,23,5. Universitaria incompleta / TÈcnica completa,No,1,1,1,1,1,1,1,1,1,1,10,3,4,Muy en desacuerdo,4,De acuerdo,3,3,Muy de acuerdo,Muy en desacuerdo,Muy en desacuerdo,32,3,0,3,3,0,3,2,1,1,2,3,3,3,2,2,3,2,2,2,3,2,43
28,Masculino,Chile,23 a√±os,23,6. Universitaria completa.,No,2,3,1,3,3,3,2,2,2,3,24,3,3,Muy en desacuerdo,3,Muy de acuerdo,4,4,En desacuerdo,En desacuerdo,En desacuerdo,31,3,0,2,3,2,3,2,3,3,2,2,2,1,1,1,1,2,3,2,2,2,40
39,Masculino,Chile,35,35,4. Media completa / TÈcnica incompleta.,No,1,1,1,1,1,1,1,1,1,1,10,3,3,En desacuerdo,3,En desacuerdo,3,3,De acuerdo,En desacuerdo,En desacuerdo,29,2,0,2,3,2,3,2,3,2,2,1,1,1,2,2,2,2,2,3,2,2,39
5,Femenino,Chile,21,21,5. Universitaria incompleta / TÈcnica completa,No,2,3,2,4,4,4,4,4,2,4,33,4,4,Muy en desacuerdo,4,Muy en desacuerdo,4,4,En desacuerdo,Muy en desacuerdo,Muy en desacuerdo,39,0,1,1,2,2,2,2,3,1,2,3,3,2,3,2,1,2,2,1,3,3,38
9,Masculino,Chile,22,22,5. Universitaria incompleta / TÈcnica completa,No,2,2,3,3,1,3,3,3,3,3,26,2,3,En desacuerdo,3,De acuerdo,3,3,De acuerdo,En desacuerdo,En desacuerdo,27,2,0,2,3,3,2,1,3,1,2,2,2,2,1,2,3,2,2,1,2,2,38
2,Masculino,Chile,22,22,5. Universitaria incompleta / TÈcnica completa,No,1,1,1,1,1,1,1,1,1,1,10,3,3,Muy en desacuerdo,4,Muy en desacuerdo,3,3,En desacuerdo,Muy en desacuerdo,Muy en desacuerdo,35,0,2,3,3,3,2,3,3,2,2,3,3,2,2,3,3,2,3,2,1,3,47
8,Femenino,Chile,35,35,4. Media completa / TÈcnica incompleta.,SÌ,2,2,2,2,2,2,2,1,2,2,19,3,3,Muy en desacuerdo,3,En desacuerdo,3,3,De acuerdo,En desacuerdo,En desacuerdo,30,3,0,2,2,2,3,3,2,1,2,2,2,3,2,2,2,1,3,1,2,2,40
3,Femenino,Chile,22 a√±os.,22,5. Universitaria incompleta / TÈcnica completa,No,1,1,1,1,1,1,2,2,1,1,12,3,3,Muy en desacuerdo,4,Muy en desacuerdo,3,3,De acuerdo,Muy en desacuerdo,Muy en desacuerdo,34,2,0,2,3,2,3,3,2,1,3,3,3,3,2,2,3,1,3,2,3,3,46
2,Masculino,Chile,22,22,5. Universitaria incompleta / TÈcnica completa,No,2,1,3,2,2,4,3,3,3,3,26,4,4,Muy en desacuerdo,4,En desacuerdo,4,4,Muy de acuerdo,Muy en desacuerdo,Muy en desacuerdo,36,1,0,1,3,1,2,3,3,2,2,3,3,3,2,3,3,1,3,2,1,3,42
1,Femenino,chile,22,22,5. Universitaria incompleta / TÈcnica completa,No,1,1,1,1,1,1,1,1,1,1,10,4,4,Muy de acuerdo,4,Muy de acuerdo,4,4,Muy de acuerdo,Muy de acuerdo,Muy de acuerdo,25,3,0,3,3,3,3,3,3,3,3,3,3,3,3,3,3,0,0,3,0,3,48
14,Masculino,chile,23 anios,23,5. Universitaria incompleta / TÈcnica completa,No,4,4,4,4,1,4,4,1,4,3,33,4,4,Muy en desacuerdo,4,Muy en desacuerdo,4,4,De acuerdo,Muy en desacuerdo,Muy en desacuerdo,38,0,2,1,3,1,2,3,2,2,3,3,3,3,0,2,2,2,3,3,2,3,42
3,Masculino,Chile,22,22,5. Universitaria incompleta / TÈcnica completa,SÌ,1,1,1,1,1,1,1,1,1,1,10,4,3,Muy en desacuerdo,3,En desacuerdo,2,3,Muy de acuerdo,Muy en desacuerdo,En desacuerdo,30,3,0,3,2,1,2,0,3,3,2,3,3,3,0,3,3,1,2,3,3,2,43
13,Masculino,Chile,22,22,5. Universitaria incompleta / TÈcnica completa,No,2,1,2,2,1,3,2,2,2,3,20,3,2,En desacuerdo,3,En desacuerdo,3,3,De acuerdo,En desacuerdo,En desacuerdo,28,0,1,0,3,0,2,2,2,2,2,3,2,2,0,3,3,1,2,3,1,2,34
19,Masculino,Chile,22,22,5. Universitaria incompleta / TÈcnica completa,No,3,2,3,3,3,2,3,3,3,3,28,3,3,En desacuerdo,3,Muy de acuerdo,3,3,Muy de acuerdo,De acuerdo,De acuerdo,24,3,0,1,2,3,1,1,2,2,1,1,1,3,0,1,2,1,2,3,2,2,32
10,Femenino,Chile,22,22,5. Universitaria incompleta / TÈcnica completa,No,3,3,3,3,3,4,3,4,3,1,30,4,4,Muy en desacuerdo,3,Muy en desacuerdo,3,3,En desacuerdo,En desacuerdo,En desacuerdo,34,2,0,1,2,0,3,0,2,0,2,3,3,3,2,2,2,2,2,2,2,2,35
3,Femenino,chile,22,22,5. Universitaria incompleta / TÈcnica completa,SÌ,1,1,1,1,1,1,1,1,2,1,11,3,4,De acuerdo,4,De acuerdo,2,2,Muy de acuerdo,De acuerdo,De acuerdo,24,2,0,2,3,2,2,2,3,1,2,3,2,2,3,3,2,0,2,2,3,2,41
6,Masculino,Chile,20,20,5. Universitaria incompleta / TÈcnica completa,No,2,2,2,2,2,2,2,2,2,2,20,3,3,En desacuerdo,4,Muy de acuerdo,3,3,De acuerdo,En desacuerdo,En desacuerdo,28,3,0,2,3,2,2,2,3,2,2,3,3,3,1,3,3,3,3,1,1,2,45
16,Femenino,Chile,25,25,3. Media incompleta.,No,2,2,2,3,2,2,2,3,2,2,22,3,2,Muy en desacuerdo,3,En desacuerdo,3,3,De acuerdo,En desacuerdo,Muy en desacuerdo,30,0,3,2,1,1,1,2,2,2,2,2,2,3,1,2,2,1,2,2,1,2,34
31,Femenino,Chile,25 a√±os,25,5. Universitaria incompleta / TÈcnica completa,No,2,1,3,4,3,3,4,1,2,3,26,3,4,Muy en desacuerdo,4,De acuerdo,3,3,Muy de acuerdo,Muy en desacuerdo,Muy en desacuerdo,32,2,0,3,3,0,1,1,3,2,3,3,1,3,1,1,2,2,3,2,1,2,37
2,Femenino,chile,21,21,5. Universitaria incompleta / TÈcnica completa,No,2,2,2,2,1,3,3,3,2,2,22,3,3,De acuerdo,3,De acuerdo,2,2,Muy de acuerdo,De acuerdo,De acuerdo,22,0,2,2,3,3,3,2,3,1,2,3,2,2,2,3,3,2,3,2,1,1,44
14,Femenino,Chile,21,21,5. Universitaria incompleta / TÈcnica completa,No,3,1,1,3,3,3,3,3,3,3,26,4,4,Muy en desacuerdo,4,Muy en desacuerdo,4,4,En desacuerdo,Muy en desacuerdo,Muy en desacuerdo,39,0,3,3,2,2,2,2,3,3,3,3,3,3,2,2,2,3,3,3,2,2,49
7,Masculino,chile,21,21,4. Media completa / TÈcnica incompleta.,No,1,1,2,2,1,2,1,1,1,1,13,4,4,En desacuerdo,4,De acuerdo,3,3,De acuerdo,Muy en desacuerdo,De acuerdo,31,2,0,3,2,2,2,2,2,1,2,2,2,3,1,3,2,3,2,1,2,2,39
34,Femenino,Chile,21 a√±os,21,5. Universitaria incompleta / TÈcnica completa,No,1,1,1,1,1,1,1,1,1,1,10,4,2,Muy en desacuerdo,4,En desacuerdo,3,3,De acuerdo,En desacuerdo,En desacuerdo,31,0,2,1,1,2,2,1,2,0,1,2,2,1,2,2,3,2,2,0,2,2,30
3,Masculino,chile,21 a√±os,21,5. Universitaria incompleta / TÈcnica completa,No,1,1,1,1,1,1,2,2,1,1,12,4,3,Muy en desacuerdo,4,Muy en desacuerdo,3,4,En desacuerdo,Muy en desacuerdo,Muy en desacuerdo,37,3,0,3,3,2,2,3,3,1,2,3,2,2,2,3,3,2,3,2,2,2,46
30,Femenino,Chile,21 a√±os,21,4. Media completa / TÈcnica incompleta.,No,3,2,2,2,2,3,3,2,3,2,24,4,4,En desacuerdo,4,En desacuerdo,4,3,De acuerdo,En desacuerdo,En desacuerdo,33,0,2,2,2,2,3,3,3,1,3,2,3,3,2,2,2,2,3,0,2,2,42
18,Femenino,Chile,21,21,5. Universitaria incompleta / TÈcnica completa,No,2,3,1,2,1,1,3,2,2,1,18,4,4,Muy en desacuerdo,4,En desacuerdo,4,4,De acuerdo,En desacuerdo,De acuerdo,34,0,2,1,3,1,2,3,3,1,1,2,3,2,2,1,2,2,2,3,3,3,39
6,Femenino,chile,20,20,5. Universitaria incompleta / TÈcnica completa,No,1,1,1,1,1,1,1,1,1,1,10,4,3,En desacuerdo,4,De acuerdo,4,3,En desacuerdo,En desacuerdo,En desacuerdo,32,0,1,1,2,2,2,2,2,1,2,2,2,2,1,2,2,2,3,1,2,2,34
7,Masculino,Chile,20,20,5. Universitaria incompleta / TÈcnica completa,No,1,1,1,1,1,1,1,1,1,1,10,4,4,Muy en desacuerdo,4,Muy de acuerdo,4,4,Muy en desacuerdo,En desacuerdo,Muy en desacuerdo,36,3,0,3,3,2,1,0,2,2,2,3,2,3,3,3,3,3,3,3,1,3,45
2,Femenino,Chile,20 a√±os,20,5. Universitaria incompleta / TÈcnica completa,SÌ,2,1,4,4,1,4,1,4,4,1,26,3,3,En desacuerdo,4,En desacuerdo,3,3,Muy de acuerdo,Muy de acuerdo,Muy de acuerdo,25,3,0,3,3,1,2,1,3,1,2,3,2,2,3,2,3,3,2,3,3,2,45
2,Femenino,Chile,20,20,5. Universitaria incompleta / TÈcnica completa,No,1,1,1,1,1,1,1,1,1,1,10,4,2,Muy en desacuerdo,3,Muy de acuerdo,3,2,En desacuerdo,Muy de acuerdo,Muy de acuerdo,24,3,0,2,3,1,2,2,3,2,2,3,2,2,2,3,3,3,2,3,2,2,45
10,Masculino,Chile,20,20,5. Universitaria incompleta / TÈcnica completa,No,2,1,2,1,1,2,2,3,2,3,19,4,4,Muy en desacuerdo,4,Muy en desacuerdo,4,4,En desacuerdo,Muy en desacuerdo,Muy en desacuerdo,39,0,3,3,3,2,1,2,2,1,3,3,3,2,2,3,3,2,3,2,2,3,45
18,Masculino,Chile,21,21,5. Universitaria incompleta / TÈcnica completa,No,1,1,1,1,1,1,1,1,1,1,10,3,3,En desacuerdo,3,En desacuerdo,3,3,En desacuerdo,En desacuerdo,Muy en desacuerdo,31,0,2,2,3,1,1,1,2,3,2,3,2,2,3,3,3,2,2,1,2,2,40
16,Femenino,Chile,20,20,5. Universitaria incompleta / TÈcnica completa,No,1,1,1,1,1,1,2,2,2,1,13,3,3,En desacuerdo,3,De acuerdo,2,3,Muy en desacuerdo,Muy en desacuerdo,Muy en desacuerdo,31,0,3,2,2,1,3,2,2,1,1,2,2,3,0,0,2,1,3,1,2,1,33
8,Masculino,Chile,20,20,5. Universitaria incompleta / TÈcnica completa,No,1,1,1,1,1,1,1,1,2,1,11,3,3,En desacuerdo,4,En desacuerdo,3,3,En desacuerdo,En desacuerdo,Muy en desacuerdo,32,1,0,2,2,2,2,2,3,2,2,2,2,1,1,3,3,2,2,2,0,1,36
39,Femenino,Chile,19 a√±os,19,5. Universitaria incompleta / TÈcnica completa,No,2,3,3,3,2,3,2,3,3,3,27,4,3,En desacuerdo,3,De acuerdo,3,3,Muy de acuerdo,En desacuerdo,En desacuerdo,28,0,3,3,3,2,3,2,2,2,2,3,3,3,2,1,2,2,2,2,3,3,45
40,Femenino,Chile,19 a√±os,19,4. Media completa / TÈcnica incompleta.,No,2,2,3,3,1,4,2,1,2,1,21,3,3,De acuerdo,3,De acuerdo,3,3,Muy en desacuerdo,De acuerdo,De acuerdo,27,3,0,2,3,2,2,2,2,2,2,3,2,2,0,3,3,0,2,3,1,2,39
11,Masculino,Chile,19,19,5. Universitaria incompleta / TÈcnica completa,No,3,2,4,3,3,4,3,3,4,4,33,4,4,Muy en desacuerdo,3,Muy en desacuerdo,4,4,En desacuerdo,Muy en desacuerdo,En desacuerdo,37,0,3,3,3,3,3,1,2,1,3,3,3,2,2,3,3,2,3,2,2,2,47
5,Masculino,chile,19,19,3. Media incompleta.,No,3,2,2,2,2,3,2,2,2,3,23,3,3,En desacuerdo,4,En desacuerdo,3,4,De acuerdo,En desacuerdo,En desacuerdo,31,0,2,2,3,2,2,2,3,1,1,2,1,1,1,1,2,3,2,2,2,2,35
15,Femenino,Chile,19,19,5. Universitaria incompleta / TÈcnica completa,SÌ,1,1,3,1,1,3,2,3,3,2,20,3,3,En desacuerdo,3,En desacuerdo,2,2,Muy de acuerdo,De acuerdo,De acuerdo,24,3,0,3,3,2,2,2,3,2,2,3,2,3,2,3,3,2,2,2,1,1,45
9,Masculino,Chile,19,19,3. Media incompleta.,No,1,1,1,2,1,3,2,3,2,2,18,2,3,Muy en desacuerdo,4,Muy en desacuerdo,4,3,En desacuerdo,Muy en desacuerdo,Muy en desacuerdo,35,0,2,3,3,2,2,2,2,1,1,3,2,2,1,3,2,3,2,1,3,2,40
19,Femenino,Chile,19,19,5. Universitaria incompleta / TÈcnica completa,No,1,1,1,1,1,1,1,1,1,1,10,4,4,Muy en desacuerdo,4,Muy en desacuerdo,3,3,De acuerdo,Muy en desacuerdo,Muy en desacuerdo,36,0,1,3,3,2,3,3,3,3,3,3,3,1,0,3,3,2,3,3,3,3,48
2,Femenino,Chile,21,21,5. Universitaria incompleta / TÈcnica completa,No,1,1,1,1,1,1,1,1,1,1,10,3,4,Muy en desacuerdo,3,En desacuerdo,3,3,De acuerdo,En desacuerdo,Muy en desacuerdo,32,3,0,3,2,2,2,2,3,3,2,3,2,2,1,2,3,3,2,3,2,3,45
20,Femenino,Chile,19,19,5. Universitaria incompleta / TÈcnica completa,No,1,1,1,1,1,1,1,1,1,1,10,3,2,De acuerdo,2,De acuerdo,2,2,De acuerdo,De acuerdo,De acuerdo,21,0,0,0,1,3,0,2,1,1,2,3,2,3,0,1,3,1,1,1,3,0,28
66,Masculino,Venezuela,20 a√±os,39,4. Media completa / TÈcnica incompleta.,No,1,1,1,1,1,1,1,1,1,1,10,4,4,En desacuerdo,4,En desacuerdo,3,2,En desacuerdo,En desacuerdo,Muy en desacuerdo,33,3,0,3,1,0,3,3,2,3,3,3,3,3,1,3,2,3,3,2,1,1,45
7,Femenino,chile,19,19,5. Universitaria incompleta / TÈcnica completa,No,1,1,3,3,1,3,1,1,3,2,19,4,3,Muy en desacuerdo,4,Muy en desacuerdo,3,3,De acuerdo,Muy en desacuerdo,Muy en desacuerdo,35,2,0,2,3,1,2,2,3,1,3,3,2,2,2,3,2,1,3,1,2,2,40
14,Masculino,Chile,17,18,5. Universitaria incompleta / TÈcnica completa,No,1,1,1,1,1,1,1,1,1,1,10,3,4,Muy en desacuerdo,4,Muy en desacuerdo,3,3,De acuerdo,Muy en desacuerdo,Muy en desacuerdo,35,2,0,2,3,2,3,1,3,1,2,3,2,1,3,3,3,3,3,1,2,1,43
21,Masculino,Chile,18,18,5. Universitaria incompleta / TÈcnica completa,No,2,1,2,2,2,3,2,2,2,2,20,3,3,Muy en desacuerdo,3,En desacuerdo,4,3,Muy en desacuerdo,En desacuerdo,En desacuerdo,33,2,0,3,3,2,3,3,2,1,1,3,2,3,2,2,3,2,2,3,1,2,43
15,Femenino,chile,18 anios,18,5. Universitaria incompleta / TÈcnica completa,SÌ,3,2,3,4,3,4,4,2,1,4,30,3,3,En desacuerdo,3,En desacuerdo,3,3,De acuerdo,En desacuerdo,Muy en desacuerdo,30,2,0,3,2,2,2,2,2,2,2,3,2,3,1,3,3,2,2,1,0,2,39
4,Femenino,chile,18,18,3. Media incompleta.,No,2,2,3,3,2,4,3,3,3,3,28,3,3,En desacuerdo,3,De acuerdo,4,4,Muy de acuerdo,De acuerdo,De acuerdo,27,0,3,2,3,2,2,3,2,1,2,2,2,3,2,3,3,2,3,3,1,2,44
21,Masculino,Chile,18 a√±os,18,3. Media incompleta.,No,1,1,1,1,1,1,1,1,1,1,10,1,3,Muy en desacuerdo,4,Muy en desacuerdo,4,3,Muy de acuerdo,Muy en desacuerdo,En desacuerdo,31,0,1,2,3,3,2,3,3,1,3,3,2,2,1,2,3,3,2,2,2,2,43
36,Femenino,Chile,23 a√±os,23,5. Universitaria incompleta / TÈcnica completa,No,2,1,3,3,1,2,3,3,2,2,22,3,3,Muy en desacuerdo,3,En desacuerdo,2,3,Muy de acuerdo,En desacuerdo,En desacuerdo,28,2,0,2,2,1,2,2,2,0,2,3,2,2,0,2,2,2,3,2,2,2,35
18,Masculino,argentina,14,42,4. Media completa / TÈcnica incompleta.,No,4,3,4,4,4,4,4,4,4,4,39,3,3,De acuerdo,3,En desacuerdo,2,2,Muy de acuerdo,De acuerdo,De acuerdo,23,0,2,1,1,1,2,2,2,1,2,3,1,3,2,2,3,2,2,2,1,1,35
31,Masculino,argentina,12,27,4. Media completa / TÈcnica incompleta.,No,3,4,3,3,4,4,4,3,1,3,32,2,2,Muy en desacuerdo,4,Muy de acuerdo,3,3,Muy en desacuerdo,Muy de acuerdo,Muy de acuerdo,25,0,3,2,3,2,3,2,1,1,1,2,2,3,1,1,2,1,2,2,2,2,36
